image_id,label
200001.jpg,normal
200002.jpg,dead_heart
200003.jpg,brown_spot
200004.jpg,downy_mildew
200005.jpg,blast
200006.jpg,brown_spot
200007.jpg,dead_heart
200008.jpg,tungro
200009.jpg,blast
200010.jpg,tungro
200011.jpg,bacterial_leaf_streak
200012.jpg,tungro
200013.jpg,dead_heart
200014.jpg,tungro
200015.jpg,normal
200016.jpg,hispa
200017.jpg,dead_heart
200018.jpg,hispa
200019.jpg,hispa
200020.jpg,dead_heart
200021.jpg,dead_heart
200022.jpg,tungro
200023.jpg,normal
200024.jpg,normal
200025.jpg,hispa
200026.jpg,normal
200027.jpg,tungro
200028.jpg,blast
200029.jpg,normal
200030.jpg,hispa
200031.jpg,bacterial_leaf_blight
200032.jpg,brown_spot
200033.jpg,brown_spot
200034.jpg,dead_heart
200035.jpg,normal
200036.jpg,tungro
200037.jpg,blast
200038.jpg,tungro
200039.jpg,blast
200040.jpg,hispa
200041.jpg,brown_spot
200042.jpg,dead_heart
200043.jpg,tungro
200044.jpg,bacterial_panicle_blight
200045.jpg,dead_heart
200046.jpg,hispa
200047.jpg,normal
200048.jpg,dead_heart
200049.jpg,hispa
200050.jpg,blast
200051.jpg,blast
200052.jpg,blast
200053.jpg,blast
200054.jpg,dead_heart
200055.jpg,dead_heart
200056.jpg,normal
200057.jpg,dead_heart
200058.jpg,hispa
200059.jpg,tungro
200060.jpg,brown_spot
200061.jpg,dead_heart
200062.jpg,blast
200063.jpg,normal
200064.jpg,downy_mildew
200065.jpg,normal
200066.jpg,normal
200067.jpg,brown_spot
200068.jpg,brown_spot
200069.jpg,dead_heart
200070.jpg,bacterial_leaf_streak
200071.jpg,bacterial_leaf_streak
200072.jpg,tungro
200073.jpg,hispa
200074.jpg,bacterial_panicle_blight
200075.jpg,brown_spot
200076.jpg,hispa
200077.jpg,blast
200078.jpg,brown_spot
200079.jpg,blast
200080.jpg,normal
200081.jpg,bacterial_leaf_streak
200082.jpg,hispa
200083.jpg,normal
200084.jpg,dead_heart
200085.jpg,blast
200086.jpg,dead_heart
200087.jpg,dead_heart
200088.jpg,bacterial_leaf_blight
200089.jpg,dead_heart
200090.jpg,blast
200091.jpg,blast
200092.jpg,bacterial_leaf_blight
200093.jpg,dead_heart
200094.jpg,blast
200095.jpg,bacterial_panicle_blight
200096.jpg,hispa
200097.jpg,bacterial_leaf_streak
200098.jpg,blast
200099.jpg,normal
200100.jpg,dead_heart
200101.jpg,tungro
200102.jpg,tungro
200103.jpg,dead_heart
200104.jpg,bacterial_panicle_blight
200105.jpg,normal
200106.jpg,hispa
200107.jpg,blast
200108.jpg,tungro
200109.jpg,dead_heart
200110.jpg,dead_heart
200111.jpg,normal
200112.jpg,dead_heart
200113.jpg,bacterial_panicle_blight
200114.jpg,downy_mildew
200115.jpg,dead_heart
200116.jpg,dead_heart
200117.jpg,downy_mildew
200118.jpg,blast
200119.jpg,dead_heart
200120.jpg,dead_heart
200121.jpg,dead_heart
200122.jpg,hispa
200123.jpg,bacterial_leaf_streak
200124.jpg,brown_spot
200125.jpg,normal
200126.jpg,hispa
200127.jpg,hispa
200128.jpg,tungro
200129.jpg,hispa
200130.jpg,downy_mildew
200131.jpg,hispa
200132.jpg,hispa
200133.jpg,bacterial_leaf_blight
200134.jpg,normal
200135.jpg,brown_spot
200136.jpg,dead_heart
200137.jpg,blast
200138.jpg,normal
200139.jpg,tungro
200140.jpg,bacterial_leaf_blight
200141.jpg,dead_heart
200142.jpg,hispa
200143.jpg,hispa
200144.jpg,dead_heart
200145.jpg,tungro
200146.jpg,bacterial_leaf_blight
200147.jpg,dead_heart
200148.jpg,bacterial_leaf_blight
200149.jpg,hispa
200150.jpg,blast
200151.jpg,brown_spot
200152.jpg,hispa
200153.jpg,hispa
200154.jpg,hispa
200155.jpg,blast
200156.jpg,blast
200157.jpg,bacterial_panicle_blight
200158.jpg,blast
200159.jpg,blast
200160.jpg,hispa
200161.jpg,dead_heart
200162.jpg,normal
200163.jpg,hispa
200164.jpg,bacterial_leaf_streak
200165.jpg,dead_heart
200166.jpg,dead_heart
200167.jpg,brown_spot
200168.jpg,brown_spot
200169.jpg,downy_mildew
200170.jpg,dead_heart
200171.jpg,normal
200172.jpg,hispa
200173.jpg,tungro
200174.jpg,normal
200175.jpg,normal
200176.jpg,hispa
200177.jpg,dead_heart
200178.jpg,blast
200179.jpg,hispa
200180.jpg,normal
200181.jpg,brown_spot
200182.jpg,dead_heart
200183.jpg,tungro
200184.jpg,tungro
200185.jpg,downy_mildew
200186.jpg,hispa
200187.jpg,hispa
200188.jpg,hispa
200189.jpg,normal
200190.jpg,downy_mildew
200191.jpg,bacterial_leaf_blight
200192.jpg,blast
200193.jpg,normal
200194.jpg,tungro
200195.jpg,normal
200196.jpg,brown_spot
200197.jpg,normal
200198.jpg,brown_spot
200199.jpg,bacterial_leaf_blight
200200.jpg,hispa
200201.jpg,brown_spot
200202.jpg,hispa
200203.jpg,normal
200204.jpg,tungro
200205.jpg,hispa
200206.jpg,bacterial_panicle_blight
200207.jpg,tungro
200208.jpg,downy_mildew
200209.jpg,hispa
200210.jpg,normal
200211.jpg,dead_heart
200212.jpg,normal
200213.jpg,blast
200214.jpg,downy_mildew
200215.jpg,tungro
200216.jpg,blast
200217.jpg,dead_heart
200218.jpg,normal
200219.jpg,blast
200220.jpg,hispa
200221.jpg,dead_heart
200222.jpg,bacterial_leaf_blight
200223.jpg,normal
200224.jpg,hispa
200225.jpg,dead_heart
200226.jpg,bacterial_leaf_streak
200227.jpg,bacterial_leaf_streak
200228.jpg,normal
200229.jpg,normal
200230.jpg,dead_heart
200231.jpg,tungro
200232.jpg,dead_heart
200233.jpg,normal
200234.jpg,normal
200235.jpg,normal
200236.jpg,dead_heart
200237.jpg,tungro
200238.jpg,brown_spot
200239.jpg,bacterial_panicle_blight
200240.jpg,dead_heart
200241.jpg,blast
200242.jpg,hispa
200243.jpg,blast
200244.jpg,blast
200245.jpg,tungro
200246.jpg,dead_heart
200247.jpg,blast
200248.jpg,blast
200249.jpg,normal
200250.jpg,bacterial_panicle_blight
200251.jpg,blast
200252.jpg,blast
200253.jpg,hispa
200254.jpg,brown_spot
200255.jpg,blast
200256.jpg,normal
200257.jpg,blast
200258.jpg,brown_spot
200259.jpg,blast
200260.jpg,normal
200261.jpg,hispa
200262.jpg,dead_heart
200263.jpg,hispa
200264.jpg,normal
200265.jpg,hispa
200266.jpg,dead_heart
200267.jpg,blast
200268.jpg,blast
200269.jpg,normal
200270.jpg,blast
200271.jpg,bacterial_leaf_streak
200272.jpg,hispa
200273.jpg,hispa
200274.jpg,normal
200275.jpg,normal
200276.jpg,brown_spot
200277.jpg,blast
200278.jpg,blast
200279.jpg,bacterial_leaf_streak
200280.jpg,dead_heart
200281.jpg,downy_mildew
200282.jpg,normal
200283.jpg,brown_spot
200284.jpg,normal
200285.jpg,tungro
200286.jpg,normal
200287.jpg,hispa
200288.jpg,blast
200289.jpg,normal
200290.jpg,tungro
200291.jpg,hispa
200292.jpg,downy_mildew
200293.jpg,hispa
200294.jpg,blast
200295.jpg,brown_spot
200296.jpg,dead_heart
200297.jpg,bacterial_leaf_blight
200298.jpg,dead_heart
200299.jpg,brown_spot
200300.jpg,hispa
200301.jpg,hispa
200302.jpg,blast
200303.jpg,bacterial_leaf_blight
200304.jpg,brown_spot
200305.jpg,bacterial_leaf_blight
200306.jpg,bacterial_leaf_streak
200307.jpg,downy_mildew
200308.jpg,tungro
200309.jpg,normal
200310.jpg,hispa
200311.jpg,bacterial_leaf_streak
200312.jpg,brown_spot
200313.jpg,hispa
200314.jpg,hispa
200315.jpg,brown_spot
200316.jpg,hispa
200317.jpg,bacterial_leaf_streak
200318.jpg,hispa
200319.jpg,blast
200320.jpg,dead_heart
200321.jpg,blast
200322.jpg,blast
200323.jpg,dead_heart
200324.jpg,dead_heart
200325.jpg,tungro
200326.jpg,tungro
200327.jpg,brown_spot
200328.jpg,brown_spot
200329.jpg,normal
200330.jpg,brown_spot
200331.jpg,tungro
200332.jpg,tungro
200333.jpg,bacterial_leaf_streak
200334.jpg,brown_spot
200335.jpg,downy_mildew
200336.jpg,dead_heart
200337.jpg,normal
200338.jpg,bacterial_panicle_blight
200339.jpg,downy_mildew
200340.jpg,hispa
200341.jpg,tungro
200342.jpg,blast
200343.jpg,hispa
200344.jpg,normal
200345.jpg,blast
200346.jpg,dead_heart
200347.jpg,blast
200348.jpg,bacterial_leaf_streak
200349.jpg,bacterial_leaf_streak
200350.jpg,normal
200351.jpg,normal
200352.jpg,downy_mildew
200353.jpg,dead_heart
200354.jpg,tungro
200355.jpg,hispa
200356.jpg,brown_spot
200357.jpg,tungro
200358.jpg,downy_mildew
200359.jpg,hispa
200360.jpg,downy_mildew
200361.jpg,hispa
200362.jpg,normal
200363.jpg,hispa
200364.jpg,normal
200365.jpg,blast
200366.jpg,brown_spot
200367.jpg,normal
200368.jpg,hispa
200369.jpg,dead_heart
200370.jpg,brown_spot
200371.jpg,normal
200372.jpg,bacterial_leaf_blight
200373.jpg,tungro
200374.jpg,bacterial_leaf_streak
200375.jpg,hispa
200376.jpg,tungro
200377.jpg,tungro
200378.jpg,blast
200379.jpg,normal
200380.jpg,hispa
200381.jpg,tungro
200382.jpg,normal
200383.jpg,blast
200384.jpg,normal
200385.jpg,hispa
200386.jpg,hispa
200387.jpg,hispa
200388.jpg,blast
200389.jpg,tungro
200390.jpg,blast
200391.jpg,normal
200392.jpg,blast
200393.jpg,hispa
200394.jpg,hispa
200395.jpg,tungro
200396.jpg,downy_mildew
200397.jpg,normal
200398.jpg,hispa
200399.jpg,brown_spot
200400.jpg,brown_spot
200401.jpg,tungro
200402.jpg,bacterial_leaf_streak
200403.jpg,downy_mildew
200404.jpg,dead_heart
200405.jpg,brown_spot
200406.jpg,downy_mildew
200407.jpg,hispa
200408.jpg,dead_heart
200409.jpg,blast
200410.jpg,downy_mildew
200411.jpg,bacterial_leaf_streak
200412.jpg,normal
200413.jpg,hispa
200414.jpg,bacterial_leaf_streak
200415.jpg,blast
200416.jpg,hispa
200417.jpg,normal
200418.jpg,blast
200419.jpg,blast
200420.jpg,tungro
200421.jpg,tungro
200422.jpg,normal
200423.jpg,hispa
200424.jpg,dead_heart
200425.jpg,dead_heart
200426.jpg,tungro
200427.jpg,bacterial_leaf_blight
200428.jpg,dead_heart
200429.jpg,blast
200430.jpg,tungro
200431.jpg,hispa
200432.jpg,brown_spot
200433.jpg,blast
200434.jpg,tungro
200435.jpg,tungro
200436.jpg,hispa
200437.jpg,blast
200438.jpg,blast
200439.jpg,bacterial_leaf_blight
200440.jpg,downy_mildew
200441.jpg,bacterial_leaf_streak
200442.jpg,hispa
200443.jpg,normal
200444.jpg,dead_heart
200445.jpg,bacterial_leaf_blight
200446.jpg,tungro
200447.jpg,normal
200448.jpg,normal
200449.jpg,dead_heart
200450.jpg,blast
200451.jpg,brown_spot
200452.jpg,hispa
200453.jpg,hispa
200454.jpg,blast
200455.jpg,bacterial_panicle_blight
200456.jpg,hispa
200457.jpg,blast
200458.jpg,tungro
200459.jpg,tungro
200460.jpg,blast
200461.jpg,tungro
200462.jpg,normal
200463.jpg,blast
200464.jpg,normal
200465.jpg,normal
200466.jpg,brown_spot
200467.jpg,normal
200468.jpg,downy_mildew
200469.jpg,brown_spot
200470.jpg,bacterial_leaf_blight
200471.jpg,blast
200472.jpg,brown_spot
200473.jpg,hispa
200474.jpg,bacterial_leaf_streak
200475.jpg,normal
200476.jpg,blast
200477.jpg,tungro
200478.jpg,blast
200479.jpg,dead_heart
200480.jpg,blast
200481.jpg,hispa
200482.jpg,bacterial_panicle_blight
200483.jpg,blast
200484.jpg,blast
200485.jpg,blast
200486.jpg,downy_mildew
200487.jpg,normal
200488.jpg,brown_spot
200489.jpg,normal
200490.jpg,bacterial_panicle_blight
200491.jpg,normal
200492.jpg,blast
200493.jpg,tungro
200494.jpg,normal
200495.jpg,downy_mildew
200496.jpg,hispa
200497.jpg,bacterial_leaf_blight
200498.jpg,blast
200499.jpg,bacterial_leaf_streak
200500.jpg,dead_heart
200501.jpg,brown_spot
200502.jpg,bacterial_leaf_streak
200503.jpg,blast
200504.jpg,bacterial_leaf_streak
200505.jpg,normal
200506.jpg,bacterial_leaf_streak
200507.jpg,blast
200508.jpg,tungro
200509.jpg,normal
200510.jpg,dead_heart
200511.jpg,bacterial_leaf_streak
200512.jpg,dead_heart
200513.jpg,normal
200514.jpg,dead_heart
200515.jpg,blast
200516.jpg,hispa
200517.jpg,blast
200518.jpg,hispa
200519.jpg,dead_heart
200520.jpg,normal
200521.jpg,normal
200522.jpg,normal
200523.jpg,dead_heart
200524.jpg,normal
200525.jpg,brown_spot
200526.jpg,dead_heart
200527.jpg,normal
200528.jpg,blast
200529.jpg,dead_heart
200530.jpg,normal
200531.jpg,hispa
200532.jpg,hispa
200533.jpg,hispa
200534.jpg,bacterial_panicle_blight
200535.jpg,brown_spot
200536.jpg,normal
200537.jpg,brown_spot
200538.jpg,blast
200539.jpg,bacterial_leaf_blight
200540.jpg,downy_mildew
200541.jpg,tungro
200542.jpg,tungro
200543.jpg,blast
200544.jpg,tungro
200545.jpg,bacterial_panicle_blight
200546.jpg,hispa
200547.jpg,tungro
200548.jpg,dead_heart
200549.jpg,tungro
200550.jpg,blast
200551.jpg,bacterial_leaf_blight
200552.jpg,dead_heart
200553.jpg,hispa
200554.jpg,dead_heart
200555.jpg,normal
200556.jpg,dead_heart
200557.jpg,tungro
200558.jpg,brown_spot
200559.jpg,bacterial_leaf_blight
200560.jpg,brown_spot
200561.jpg,hispa
200562.jpg,dead_heart
200563.jpg,dead_heart
200564.jpg,brown_spot
200565.jpg,hispa
200566.jpg,downy_mildew
200567.jpg,blast
200568.jpg,hispa
200569.jpg,hispa
200570.jpg,blast
200571.jpg,normal
200572.jpg,brown_spot
200573.jpg,normal
200574.jpg,normal
200575.jpg,normal
200576.jpg,downy_mildew
200577.jpg,bacterial_leaf_blight
200578.jpg,blast
200579.jpg,bacterial_panicle_blight
200580.jpg,blast
200581.jpg,normal
200582.jpg,normal
200583.jpg,blast
200584.jpg,bacterial_leaf_streak
200585.jpg,bacterial_leaf_streak
200586.jpg,tungro
200587.jpg,normal
200588.jpg,hispa
200589.jpg,hispa
200590.jpg,hispa
200591.jpg,dead_heart
200592.jpg,hispa
200593.jpg,hispa
200594.jpg,tungro
200595.jpg,brown_spot
200596.jpg,hispa
200597.jpg,dead_heart
200598.jpg,hispa
200599.jpg,hispa
200600.jpg,dead_heart
200601.jpg,blast
200602.jpg,normal
200603.jpg,downy_mildew
200604.jpg,normal
200605.jpg,downy_mildew
200606.jpg,blast
200607.jpg,dead_heart
200608.jpg,dead_heart
200609.jpg,normal
200610.jpg,normal
200611.jpg,normal
200612.jpg,blast
200613.jpg,brown_spot
200614.jpg,hispa
200615.jpg,tungro
200616.jpg,downy_mildew
200617.jpg,downy_mildew
200618.jpg,normal
200619.jpg,bacterial_leaf_blight
200620.jpg,hispa
200621.jpg,hispa
200622.jpg,dead_heart
200623.jpg,normal
200624.jpg,blast
200625.jpg,blast
200626.jpg,downy_mildew
200627.jpg,blast
200628.jpg,hispa
200629.jpg,normal
200630.jpg,blast
200631.jpg,dead_heart
200632.jpg,blast
200633.jpg,bacterial_panicle_blight
200634.jpg,normal
200635.jpg,bacterial_leaf_blight
200636.jpg,bacterial_leaf_streak
200637.jpg,hispa
200638.jpg,normal
200639.jpg,brown_spot
200640.jpg,normal
200641.jpg,bacterial_leaf_streak
200642.jpg,bacterial_leaf_blight
200643.jpg,bacterial_panicle_blight
200644.jpg,brown_spot
200645.jpg,hispa
200646.jpg,bacterial_leaf_streak
200647.jpg,downy_mildew
200648.jpg,blast
200649.jpg,blast
200650.jpg,bacterial_panicle_blight
200651.jpg,blast
200652.jpg,dead_heart
200653.jpg,dead_heart
200654.jpg,hispa
200655.jpg,normal
200656.jpg,downy_mildew
200657.jpg,hispa
200658.jpg,dead_heart
200659.jpg,hispa
200660.jpg,dead_heart
200661.jpg,blast
200662.jpg,blast
200663.jpg,hispa
200664.jpg,tungro
200665.jpg,hispa
200666.jpg,tungro
200667.jpg,normal
200668.jpg,blast
200669.jpg,blast
200670.jpg,dead_heart
200671.jpg,brown_spot
200672.jpg,dead_heart
200673.jpg,bacterial_leaf_streak
200674.jpg,tungro
200675.jpg,hispa
200676.jpg,tungro
200677.jpg,blast
200678.jpg,dead_heart
200679.jpg,hispa
200680.jpg,tungro
200681.jpg,blast
200682.jpg,normal
200683.jpg,hispa
200684.jpg,normal
200685.jpg,normal
200686.jpg,blast
200687.jpg,blast
200688.jpg,blast
200689.jpg,blast
200690.jpg,tungro
200691.jpg,blast
200692.jpg,brown_spot
200693.jpg,brown_spot
200694.jpg,tungro
200695.jpg,blast
200696.jpg,brown_spot
200697.jpg,blast
200698.jpg,hispa
200699.jpg,normal
200700.jpg,hispa
200701.jpg,brown_spot
200702.jpg,bacterial_leaf_blight
200703.jpg,hispa
200704.jpg,tungro
200705.jpg,hispa
200706.jpg,hispa
200707.jpg,bacterial_panicle_blight
200708.jpg,bacterial_leaf_streak
200709.jpg,normal
200710.jpg,bacterial_leaf_blight
200711.jpg,blast
200712.jpg,normal
200713.jpg,hispa
200714.jpg,blast
200715.jpg,blast
200716.jpg,dead_heart
200717.jpg,bacterial_leaf_blight
200718.jpg,brown_spot
200719.jpg,normal
200720.jpg,brown_spot
200721.jpg,tungro
200722.jpg,hispa
200723.jpg,brown_spot
200724.jpg,blast
200725.jpg,hispa
200726.jpg,blast
200727.jpg,bacterial_leaf_blight
200728.jpg,dead_heart
200729.jpg,tungro
200730.jpg,brown_spot
200731.jpg,hispa
200732.jpg,dead_heart
200733.jpg,bacterial_leaf_blight
200734.jpg,tungro
200735.jpg,normal
200736.jpg,dead_heart
200737.jpg,dead_heart
200738.jpg,bacterial_leaf_blight
200739.jpg,tungro
200740.jpg,bacterial_leaf_streak
200741.jpg,brown_spot
200742.jpg,hispa
200743.jpg,blast
200744.jpg,hispa
200745.jpg,normal
200746.jpg,normal
200747.jpg,dead_heart
200748.jpg,dead_heart
200749.jpg,blast
200750.jpg,brown_spot
200751.jpg,blast
200752.jpg,blast
200753.jpg,blast
200754.jpg,downy_mildew
200755.jpg,dead_heart
200756.jpg,normal
200757.jpg,blast
200758.jpg,blast
200759.jpg,blast
200760.jpg,brown_spot
200761.jpg,brown_spot
200762.jpg,blast
200763.jpg,blast
200764.jpg,dead_heart
200765.jpg,bacterial_leaf_blight
200766.jpg,blast
200767.jpg,normal
200768.jpg,brown_spot
200769.jpg,downy_mildew
200770.jpg,blast
200771.jpg,downy_mildew
200772.jpg,bacterial_panicle_blight
200773.jpg,normal
200774.jpg,normal
200775.jpg,downy_mildew
200776.jpg,normal
200777.jpg,normal
200778.jpg,normal
200779.jpg,hispa
200780.jpg,normal
200781.jpg,tungro
200782.jpg,hispa
200783.jpg,tungro
200784.jpg,brown_spot
200785.jpg,bacterial_leaf_blight
200786.jpg,dead_heart
200787.jpg,dead_heart
200788.jpg,normal
200789.jpg,brown_spot
200790.jpg,dead_heart
200791.jpg,normal
200792.jpg,tungro
200793.jpg,blast
200794.jpg,hispa
200795.jpg,normal
200796.jpg,hispa
200797.jpg,blast
200798.jpg,normal
200799.jpg,dead_heart
200800.jpg,dead_heart
200801.jpg,dead_heart
200802.jpg,blast
200803.jpg,bacterial_leaf_streak
200804.jpg,brown_spot
200805.jpg,dead_heart
200806.jpg,hispa
200807.jpg,hispa
200808.jpg,blast
200809.jpg,blast
200810.jpg,brown_spot
200811.jpg,bacterial_leaf_blight
200812.jpg,tungro
200813.jpg,dead_heart
200814.jpg,downy_mildew
200815.jpg,dead_heart
200816.jpg,hispa
200817.jpg,brown_spot
200818.jpg,blast
200819.jpg,hispa
200820.jpg,normal
200821.jpg,dead_heart
200822.jpg,blast
200823.jpg,blast
200824.jpg,blast
200825.jpg,normal
200826.jpg,normal
200827.jpg,tungro
200828.jpg,blast
200829.jpg,dead_heart
200830.jpg,blast
200831.jpg,bacterial_leaf_blight
200832.jpg,blast
200833.jpg,dead_heart
200834.jpg,hispa
200835.jpg,blast
200836.jpg,hispa
200837.jpg,blast
200838.jpg,blast
200839.jpg,hispa
200840.jpg,bacterial_leaf_blight
200841.jpg,blast
200842.jpg,blast
200843.jpg,bacterial_leaf_streak
200844.jpg,blast
200845.jpg,tungro
200846.jpg,dead_heart
200847.jpg,dead_heart
200848.jpg,brown_spot
200849.jpg,hispa
200850.jpg,hispa
200851.jpg,dead_heart
200852.jpg,brown_spot
200853.jpg,dead_heart
200854.jpg,downy_mildew
200855.jpg,tungro
200856.jpg,dead_heart
200857.jpg,brown_spot
200858.jpg,dead_heart
200859.jpg,hispa
200860.jpg,dead_heart
200861.jpg,dead_heart
200862.jpg,tungro
200863.jpg,dead_heart
200864.jpg,dead_heart
200865.jpg,hispa
200866.jpg,bacterial_leaf_streak
200867.jpg,bacterial_leaf_streak
200868.jpg,blast
200869.jpg,hispa
200870.jpg,blast
200871.jpg,dead_heart
200872.jpg,bacterial_leaf_streak
200873.jpg,blast
200874.jpg,blast
200875.jpg,tungro
200876.jpg,downy_mildew
200877.jpg,dead_heart
200878.jpg,normal
200879.jpg,blast
200880.jpg,hispa
200881.jpg,blast
200882.jpg,bacterial_leaf_streak
200883.jpg,normal
200884.jpg,bacterial_leaf_streak
200885.jpg,dead_heart
200886.jpg,brown_spot
200887.jpg,hispa
200888.jpg,normal
200889.jpg,downy_mildew
200890.jpg,hispa
200891.jpg,blast
200892.jpg,dead_heart
200893.jpg,blast
200894.jpg,tungro
200895.jpg,blast
200896.jpg,dead_heart
200897.jpg,bacterial_leaf_blight
200898.jpg,normal
200899.jpg,tungro
200900.jpg,normal
200901.jpg,blast
200902.jpg,blast
200903.jpg,blast
200904.jpg,brown_spot
200905.jpg,tungro
200906.jpg,dead_heart
200907.jpg,blast
200908.jpg,blast
200909.jpg,tungro
200910.jpg,hispa
200911.jpg,dead_heart
200912.jpg,bacterial_leaf_streak
200913.jpg,normal
200914.jpg,dead_heart
200915.jpg,normal
200916.jpg,blast
200917.jpg,blast
200918.jpg,hispa
200919.jpg,dead_heart
200920.jpg,brown_spot
200921.jpg,blast
200922.jpg,tungro
200923.jpg,hispa
200924.jpg,hispa
200925.jpg,normal
200926.jpg,tungro
200927.jpg,brown_spot
200928.jpg,hispa
200929.jpg,tungro
200930.jpg,hispa
200931.jpg,normal
200932.jpg,tungro
200933.jpg,normal
200934.jpg,brown_spot
200935.jpg,normal
200936.jpg,brown_spot
200937.jpg,dead_heart
200938.jpg,hispa
200939.jpg,tungro
200940.jpg,dead_heart
200941.jpg,brown_spot
200942.jpg,blast
200943.jpg,normal
200944.jpg,blast
200945.jpg,downy_mildew
200946.jpg,normal
200947.jpg,normal
200948.jpg,dead_heart
200949.jpg,dead_heart
200950.jpg,downy_mildew
200951.jpg,bacterial_leaf_blight
200952.jpg,hispa
200953.jpg,tungro
200954.jpg,dead_heart
200955.jpg,downy_mildew
200956.jpg,normal
200957.jpg,bacterial_panicle_blight
200958.jpg,hispa
200959.jpg,brown_spot
200960.jpg,blast
200961.jpg,tungro
200962.jpg,blast
200963.jpg,brown_spot
200964.jpg,tungro
200965.jpg,tungro
200966.jpg,blast
200967.jpg,blast
200968.jpg,bacterial_leaf_blight
200969.jpg,downy_mildew
200970.jpg,blast
200971.jpg,tungro
200972.jpg,hispa
200973.jpg,hispa
200974.jpg,normal
200975.jpg,blast
200976.jpg,bacterial_panicle_blight
200977.jpg,normal
200978.jpg,dead_heart
200979.jpg,dead_heart
200980.jpg,normal
200981.jpg,brown_spot
200982.jpg,hispa
200983.jpg,downy_mildew
200984.jpg,hispa
200985.jpg,hispa
200986.jpg,normal
200987.jpg,bacterial_leaf_blight
200988.jpg,normal
200989.jpg,normal
200990.jpg,normal
200991.jpg,bacterial_panicle_blight
200992.jpg,dead_heart
200993.jpg,bacterial_leaf_streak
200994.jpg,blast
200995.jpg,normal
200996.jpg,bacterial_leaf_blight
200997.jpg,blast
200998.jpg,blast
200999.jpg,normal
201000.jpg,brown_spot
201001.jpg,hispa
201002.jpg,bacterial_panicle_blight
201003.jpg,bacterial_leaf_blight
201004.jpg,normal
201005.jpg,normal
201006.jpg,downy_mildew
201007.jpg,hispa
201008.jpg,brown_spot
201009.jpg,bacterial_leaf_streak
201010.jpg,bacterial_leaf_blight
201011.jpg,blast
201012.jpg,downy_mildew
201013.jpg,brown_spot
201014.jpg,hispa
201015.jpg,blast
201016.jpg,hispa
201017.jpg,normal
201018.jpg,brown_spot
201019.jpg,tungro
201020.jpg,normal
201021.jpg,blast
201022.jpg,normal
201023.jpg,hispa
201024.jpg,blast
201025.jpg,brown_spot
201026.jpg,bacterial_leaf_blight
201027.jpg,brown_spot
201028.jpg,dead_heart
201029.jpg,dead_heart
201030.jpg,tungro
201031.jpg,tungro
201032.jpg,brown_spot
201033.jpg,brown_spot
201034.jpg,dead_heart
201035.jpg,dead_heart
201036.jpg,downy_mildew
201037.jpg,downy_mildew
201038.jpg,blast
201039.jpg,blast
201040.jpg,bacterial_leaf_streak
201041.jpg,blast
201042.jpg,normal
201043.jpg,tungro
201044.jpg,normal
201045.jpg,dead_heart
201046.jpg,dead_heart
201047.jpg,bacterial_panicle_blight
201048.jpg,normal
201049.jpg,downy_mildew
201050.jpg,brown_spot
201051.jpg,blast
201052.jpg,brown_spot
201053.jpg,bacterial_leaf_blight
201054.jpg,normal
201055.jpg,blast
201056.jpg,hispa
201057.jpg,normal
201058.jpg,hispa
201059.jpg,normal
201060.jpg,brown_spot
201061.jpg,dead_heart
201062.jpg,tungro
201063.jpg,blast
201064.jpg,dead_heart
201065.jpg,bacterial_leaf_streak
201066.jpg,brown_spot
201067.jpg,tungro
201068.jpg,bacterial_leaf_blight
201069.jpg,downy_mildew
201070.jpg,normal
201071.jpg,normal
201072.jpg,dead_heart
201073.jpg,normal
201074.jpg,blast
201075.jpg,brown_spot
201076.jpg,blast
201077.jpg,normal
201078.jpg,normal
201079.jpg,blast
201080.jpg,dead_heart
201081.jpg,blast
201082.jpg,brown_spot
201083.jpg,brown_spot
201084.jpg,hispa
201085.jpg,dead_heart
201086.jpg,dead_heart
201087.jpg,dead_heart
201088.jpg,blast
201089.jpg,hispa
201090.jpg,downy_mildew
201091.jpg,hispa
201092.jpg,dead_heart
201093.jpg,downy_mildew
201094.jpg,tungro
201095.jpg,downy_mildew
201096.jpg,bacterial_leaf_blight
201097.jpg,downy_mildew
201098.jpg,hispa
201099.jpg,downy_mildew
201100.jpg,bacterial_leaf_streak
201101.jpg,hispa
201102.jpg,hispa
201103.jpg,hispa
201104.jpg,downy_mildew
201105.jpg,blast
201106.jpg,dead_heart
201107.jpg,hispa
201108.jpg,tungro
201109.jpg,dead_heart
201110.jpg,dead_heart
201111.jpg,dead_heart
201112.jpg,blast
201113.jpg,brown_spot
201114.jpg,dead_heart
201115.jpg,bacterial_leaf_streak
201116.jpg,dead_heart
201117.jpg,downy_mildew
201118.jpg,hispa
201119.jpg,normal
201120.jpg,bacterial_leaf_streak
201121.jpg,hispa
201122.jpg,blast
201123.jpg,brown_spot
201124.jpg,blast
201125.jpg,brown_spot
201126.jpg,tungro
201127.jpg,brown_spot
201128.jpg,bacterial_leaf_streak
201129.jpg,bacterial_panicle_blight
201130.jpg,bacterial_panicle_blight
201131.jpg,brown_spot
201132.jpg,brown_spot
201133.jpg,downy_mildew
201134.jpg,dead_heart
201135.jpg,hispa
201136.jpg,brown_spot
201137.jpg,downy_mildew
201138.jpg,normal
201139.jpg,downy_mildew
201140.jpg,normal
201141.jpg,dead_heart
201142.jpg,blast
201143.jpg,bacterial_panicle_blight
201144.jpg,dead_heart
201145.jpg,tungro
201146.jpg,blast
201147.jpg,brown_spot
201148.jpg,hispa
201149.jpg,brown_spot
201150.jpg,blast
201151.jpg,bacterial_leaf_blight
201152.jpg,tungro
201153.jpg,blast
201154.jpg,tungro
201155.jpg,blast
201156.jpg,dead_heart
201157.jpg,blast
201158.jpg,normal
201159.jpg,hispa
201160.jpg,bacterial_leaf_streak
201161.jpg,hispa
201162.jpg,hispa
201163.jpg,brown_spot
201164.jpg,normal
201165.jpg,hispa
201166.jpg,hispa
201167.jpg,normal
201168.jpg,hispa
201169.jpg,tungro
201170.jpg,normal
201171.jpg,hispa
201172.jpg,dead_heart
201173.jpg,normal
201174.jpg,blast
201175.jpg,downy_mildew
201176.jpg,hispa
201177.jpg,dead_heart
201178.jpg,brown_spot
201179.jpg,blast
201180.jpg,hispa
201181.jpg,tungro
201182.jpg,hispa
201183.jpg,downy_mildew
201184.jpg,dead_heart
201185.jpg,brown_spot
201186.jpg,bacterial_leaf_blight
201187.jpg,hispa
201188.jpg,blast
201189.jpg,dead_heart
201190.jpg,bacterial_leaf_blight
201191.jpg,brown_spot
201192.jpg,bacterial_leaf_streak
201193.jpg,dead_heart
201194.jpg,blast
201195.jpg,downy_mildew
201196.jpg,normal
201197.jpg,blast
201198.jpg,hispa
201199.jpg,brown_spot
201200.jpg,tungro
201201.jpg,tungro
201202.jpg,normal
201203.jpg,normal
201204.jpg,dead_heart
201205.jpg,normal
201206.jpg,blast
201207.jpg,dead_heart
201208.jpg,bacterial_leaf_blight
201209.jpg,bacterial_panicle_blight
201210.jpg,bacterial_panicle_blight
201211.jpg,blast
201212.jpg,blast
201213.jpg,hispa
201214.jpg,normal
201215.jpg,brown_spot
201216.jpg,dead_heart
201217.jpg,normal
201218.jpg,bacterial_panicle_blight
201219.jpg,dead_heart
201220.jpg,hispa
201221.jpg,blast
201222.jpg,brown_spot
201223.jpg,normal
201224.jpg,hispa
201225.jpg,brown_spot
201226.jpg,dead_heart
201227.jpg,brown_spot
201228.jpg,tungro
201229.jpg,bacterial_leaf_blight
201230.jpg,tungro
201231.jpg,bacterial_leaf_streak
201232.jpg,blast
201233.jpg,tungro
201234.jpg,blast
201235.jpg,blast
201236.jpg,brown_spot
201237.jpg,normal
201238.jpg,hispa
201239.jpg,hispa
201240.jpg,blast
201241.jpg,dead_heart
201242.jpg,tungro
201243.jpg,blast
201244.jpg,normal
201245.jpg,blast
201246.jpg,downy_mildew
201247.jpg,blast
201248.jpg,blast
201249.jpg,hispa
201250.jpg,brown_spot
201251.jpg,blast
201252.jpg,normal
201253.jpg,downy_mildew
201254.jpg,bacterial_leaf_blight
201255.jpg,hispa
201256.jpg,tungro
201257.jpg,dead_heart
201258.jpg,normal
201259.jpg,bacterial_leaf_streak
201260.jpg,blast
201261.jpg,hispa
201262.jpg,normal
201263.jpg,hispa
201264.jpg,bacterial_panicle_blight
201265.jpg,blast
201266.jpg,brown_spot
201267.jpg,normal
201268.jpg,hispa
201269.jpg,brown_spot
201270.jpg,normal
201271.jpg,blast
201272.jpg,tungro
201273.jpg,downy_mildew
201274.jpg,blast
201275.jpg,bacterial_leaf_blight
201276.jpg,normal
201277.jpg,normal
201278.jpg,blast
201279.jpg,blast
201280.jpg,bacterial_leaf_streak
201281.jpg,bacterial_leaf_blight
201282.jpg,dead_heart
201283.jpg,blast
201284.jpg,blast
201285.jpg,bacterial_leaf_blight
201286.jpg,hispa
201287.jpg,bacterial_leaf_blight
201288.jpg,tungro
201289.jpg,brown_spot
201290.jpg,dead_heart
201291.jpg,blast
201292.jpg,tungro
201293.jpg,bacterial_panicle_blight
201294.jpg,bacterial_leaf_blight
201295.jpg,blast
201296.jpg,tungro
201297.jpg,brown_spot
201298.jpg,tungro
201299.jpg,downy_mildew
201300.jpg,brown_spot
201301.jpg,hispa
201302.jpg,brown_spot
201303.jpg,blast
201304.jpg,normal
201305.jpg,hispa
201306.jpg,tungro
201307.jpg,downy_mildew
201308.jpg,bacterial_leaf_blight
201309.jpg,bacterial_leaf_blight
201310.jpg,downy_mildew
201311.jpg,normal
201312.jpg,brown_spot
201313.jpg,bacterial_leaf_streak
201314.jpg,blast
201315.jpg,dead_heart
201316.jpg,hispa
201317.jpg,blast
201318.jpg,normal
201319.jpg,tungro
201320.jpg,blast
201321.jpg,hispa
201322.jpg,hispa
201323.jpg,brown_spot
201324.jpg,hispa
201325.jpg,downy_mildew
201326.jpg,tungro
201327.jpg,blast
201328.jpg,normal
201329.jpg,blast
201330.jpg,tungro
201331.jpg,downy_mildew
201332.jpg,downy_mildew
201333.jpg,blast
201334.jpg,normal
201335.jpg,bacterial_panicle_blight
201336.jpg,bacterial_panicle_blight
201337.jpg,blast
201338.jpg,hispa
201339.jpg,normal
201340.jpg,bacterial_leaf_blight
201341.jpg,brown_spot
201342.jpg,dead_heart
201343.jpg,tungro
201344.jpg,blast
201345.jpg,brown_spot
201346.jpg,bacterial_leaf_blight
201347.jpg,bacterial_leaf_blight
201348.jpg,normal
201349.jpg,bacterial_leaf_blight
201350.jpg,normal
201351.jpg,normal
201352.jpg,bacterial_leaf_streak
201353.jpg,dead_heart
201354.jpg,dead_heart
201355.jpg,normal
201356.jpg,hispa
201357.jpg,brown_spot
201358.jpg,downy_mildew
201359.jpg,bacterial_leaf_streak
201360.jpg,downy_mildew
201361.jpg,blast
201362.jpg,brown_spot
201363.jpg,hispa
201364.jpg,brown_spot
201365.jpg,brown_spot
201366.jpg,dead_heart
201367.jpg,normal
201368.jpg,blast
201369.jpg,brown_spot
201370.jpg,bacterial_leaf_streak
201371.jpg,normal
201372.jpg,downy_mildew
201373.jpg,dead_heart
201374.jpg,normal
201375.jpg,blast
201376.jpg,brown_spot
201377.jpg,hispa
201378.jpg,bacterial_panicle_blight
201379.jpg,dead_heart
201380.jpg,normal
201381.jpg,normal
201382.jpg,hispa
201383.jpg,bacterial_leaf_blight
201384.jpg,downy_mildew
201385.jpg,brown_spot
201386.jpg,normal
201387.jpg,hispa
201388.jpg,hispa
201389.jpg,dead_heart
201390.jpg,downy_mildew
201391.jpg,hispa
201392.jpg,normal
201393.jpg,downy_mildew
201394.jpg,bacterial_panicle_blight
201395.jpg,normal
201396.jpg,normal
201397.jpg,tungro
201398.jpg,tungro
201399.jpg,brown_spot
201400.jpg,brown_spot
201401.jpg,blast
201402.jpg,hispa
201403.jpg,brown_spot
201404.jpg,brown_spot
201405.jpg,normal
201406.jpg,brown_spot
201407.jpg,blast
201408.jpg,tungro
201409.jpg,normal
201410.jpg,bacterial_leaf_streak
201411.jpg,brown_spot
201412.jpg,dead_heart
201413.jpg,normal
201414.jpg,tungro
201415.jpg,hispa
201416.jpg,hispa
201417.jpg,dead_heart
201418.jpg,blast
201419.jpg,hispa
201420.jpg,hispa
201421.jpg,brown_spot
201422.jpg,dead_heart
201423.jpg,dead_heart
201424.jpg,tungro
201425.jpg,hispa
201426.jpg,dead_heart
201427.jpg,blast
201428.jpg,hispa
201429.jpg,blast
201430.jpg,normal
201431.jpg,blast
201432.jpg,bacterial_leaf_blight
201433.jpg,bacterial_leaf_streak
201434.jpg,blast
201435.jpg,normal
201436.jpg,tungro
201437.jpg,downy_mildew
201438.jpg,brown_spot
201439.jpg,downy_mildew
201440.jpg,dead_heart
201441.jpg,normal
201442.jpg,tungro
201443.jpg,dead_heart
201444.jpg,blast
201445.jpg,hispa
201446.jpg,brown_spot
201447.jpg,blast
201448.jpg,normal
201449.jpg,normal
201450.jpg,bacterial_leaf_streak
201451.jpg,blast
201452.jpg,blast
201453.jpg,dead_heart
201454.jpg,hispa
201455.jpg,normal
201456.jpg,blast
201457.jpg,tungro
201458.jpg,hispa
201459.jpg,hispa
201460.jpg,tungro
201461.jpg,dead_heart
201462.jpg,normal
201463.jpg,hispa
201464.jpg,bacterial_panicle_blight
201465.jpg,brown_spot
201466.jpg,brown_spot
201467.jpg,downy_mildew
201468.jpg,downy_mildew
201469.jpg,tungro
201470.jpg,dead_heart
201471.jpg,blast
201472.jpg,blast
201473.jpg,brown_spot
201474.jpg,hispa
201475.jpg,dead_heart
201476.jpg,dead_heart
201477.jpg,tungro
201478.jpg,dead_heart
201479.jpg,hispa
201480.jpg,blast
201481.jpg,dead_heart
201482.jpg,bacterial_leaf_blight
201483.jpg,normal
201484.jpg,normal
201485.jpg,hispa
201486.jpg,bacterial_leaf_blight
201487.jpg,blast
201488.jpg,downy_mildew
201489.jpg,dead_heart
201490.jpg,brown_spot
201491.jpg,hispa
201492.jpg,blast
201493.jpg,hispa
201494.jpg,blast
201495.jpg,tungro
201496.jpg,hispa
201497.jpg,blast
201498.jpg,downy_mildew
201499.jpg,bacterial_panicle_blight
201500.jpg,hispa
201501.jpg,hispa
201502.jpg,normal
201503.jpg,brown_spot
201504.jpg,hispa
201505.jpg,tungro
201506.jpg,blast
201507.jpg,bacterial_panicle_blight
201508.jpg,bacterial_panicle_blight
201509.jpg,normal
201510.jpg,hispa
201511.jpg,blast
201512.jpg,normal
201513.jpg,dead_heart
201514.jpg,normal
201515.jpg,brown_spot
201516.jpg,dead_heart
201517.jpg,dead_heart
201518.jpg,normal
201519.jpg,normal
201520.jpg,bacterial_panicle_blight
201521.jpg,blast
201522.jpg,blast
201523.jpg,normal
201524.jpg,downy_mildew
201525.jpg,tungro
201526.jpg,blast
201527.jpg,brown_spot
201528.jpg,normal
201529.jpg,normal
201530.jpg,downy_mildew
201531.jpg,hispa
201532.jpg,bacterial_leaf_blight
201533.jpg,brown_spot
201534.jpg,blast
201535.jpg,hispa
201536.jpg,dead_heart
201537.jpg,hispa
201538.jpg,brown_spot
201539.jpg,hispa
201540.jpg,hispa
201541.jpg,tungro
201542.jpg,bacterial_leaf_blight
201543.jpg,normal
201544.jpg,dead_heart
201545.jpg,normal
201546.jpg,brown_spot
201547.jpg,dead_heart
201548.jpg,bacterial_leaf_streak
201549.jpg,tungro
201550.jpg,blast
201551.jpg,brown_spot
201552.jpg,dead_heart
201553.jpg,normal
201554.jpg,dead_heart
201555.jpg,blast
201556.jpg,normal
201557.jpg,downy_mildew
201558.jpg,normal
201559.jpg,normal
201560.jpg,brown_spot
201561.jpg,tungro
201562.jpg,brown_spot
201563.jpg,normal
201564.jpg,brown_spot
201565.jpg,hispa
201566.jpg,blast
201567.jpg,normal
201568.jpg,normal
201569.jpg,hispa
201570.jpg,brown_spot
201571.jpg,blast
201572.jpg,tungro
201573.jpg,hispa
201574.jpg,normal
201575.jpg,bacterial_leaf_streak
201576.jpg,hispa
201577.jpg,normal
201578.jpg,downy_mildew
201579.jpg,blast
201580.jpg,hispa
201581.jpg,hispa
201582.jpg,bacterial_leaf_streak
201583.jpg,hispa
201584.jpg,blast
201585.jpg,dead_heart
201586.jpg,dead_heart
201587.jpg,normal
201588.jpg,dead_heart
201589.jpg,hispa
201590.jpg,bacterial_leaf_streak
201591.jpg,blast
201592.jpg,dead_heart
201593.jpg,dead_heart
201594.jpg,hispa
201595.jpg,downy_mildew
201596.jpg,normal
201597.jpg,brown_spot
201598.jpg,hispa
201599.jpg,normal
201600.jpg,dead_heart
201601.jpg,normal
201602.jpg,hispa
201603.jpg,normal
201604.jpg,normal
201605.jpg,normal
201606.jpg,downy_mildew
201607.jpg,normal
201608.jpg,dead_heart
201609.jpg,hispa
201610.jpg,blast
201611.jpg,downy_mildew
201612.jpg,hispa
201613.jpg,dead_heart
201614.jpg,dead_heart
201615.jpg,normal
201616.jpg,downy_mildew
201617.jpg,dead_heart
201618.jpg,normal
201619.jpg,bacterial_panicle_blight
201620.jpg,tungro
201621.jpg,blast
201622.jpg,blast
201623.jpg,brown_spot
201624.jpg,hispa
201625.jpg,normal
201626.jpg,brown_spot
201627.jpg,blast
201628.jpg,dead_heart
201629.jpg,bacterial_leaf_blight
201630.jpg,tungro
201631.jpg,blast
201632.jpg,hispa
201633.jpg,dead_heart
201634.jpg,hispa
201635.jpg,downy_mildew
201636.jpg,blast
201637.jpg,dead_heart
201638.jpg,blast
201639.jpg,normal
201640.jpg,blast
201641.jpg,hispa
201642.jpg,dead_heart
201643.jpg,tungro
201644.jpg,dead_heart
201645.jpg,blast
201646.jpg,normal
201647.jpg,dead_heart
201648.jpg,blast
201649.jpg,downy_mildew
201650.jpg,downy_mildew
201651.jpg,bacterial_panicle_blight
201652.jpg,blast
201653.jpg,bacterial_panicle_blight
201654.jpg,dead_heart
201655.jpg,bacterial_leaf_streak
201656.jpg,blast
201657.jpg,blast
201658.jpg,brown_spot
201659.jpg,bacterial_leaf_blight
201660.jpg,bacterial_leaf_streak
201661.jpg,blast
201662.jpg,normal
201663.jpg,normal
201664.jpg,hispa
201665.jpg,tungro
201666.jpg,blast
201667.jpg,dead_heart
201668.jpg,blast
201669.jpg,blast
201670.jpg,blast
201671.jpg,blast
201672.jpg,hispa
201673.jpg,normal
201674.jpg,dead_heart
201675.jpg,blast
201676.jpg,dead_heart
201677.jpg,dead_heart
201678.jpg,blast
201679.jpg,dead_heart
201680.jpg,blast
201681.jpg,tungro
201682.jpg,hispa
201683.jpg,dead_heart
201684.jpg,hispa
201685.jpg,brown_spot
201686.jpg,normal
201687.jpg,blast
201688.jpg,tungro
201689.jpg,blast
201690.jpg,dead_heart
201691.jpg,brown_spot
201692.jpg,normal
201693.jpg,normal
201694.jpg,dead_heart
201695.jpg,hispa
201696.jpg,bacterial_panicle_blight
201697.jpg,blast
201698.jpg,normal
201699.jpg,blast
201700.jpg,blast
201701.jpg,blast
201702.jpg,hispa
201703.jpg,blast
201704.jpg,blast
201705.jpg,dead_heart
201706.jpg,normal
201707.jpg,dead_heart
201708.jpg,hispa
201709.jpg,tungro
201710.jpg,bacterial_leaf_blight
201711.jpg,brown_spot
201712.jpg,brown_spot
201713.jpg,hispa
201714.jpg,dead_heart
201715.jpg,dead_heart
201716.jpg,tungro
201717.jpg,bacterial_panicle_blight
201718.jpg,hispa
201719.jpg,tungro
201720.jpg,normal
201721.jpg,normal
201722.jpg,hispa
201723.jpg,downy_mildew
201724.jpg,brown_spot
201725.jpg,normal
201726.jpg,bacterial_leaf_blight
201727.jpg,blast
201728.jpg,blast
201729.jpg,brown_spot
201730.jpg,hispa
201731.jpg,dead_heart
201732.jpg,normal
201733.jpg,tungro
201734.jpg,blast
201735.jpg,blast
201736.jpg,hispa
201737.jpg,dead_heart
201738.jpg,hispa
201739.jpg,normal
201740.jpg,tungro
201741.jpg,bacterial_leaf_blight
201742.jpg,hispa
201743.jpg,bacterial_leaf_blight
201744.jpg,blast
201745.jpg,bacterial_leaf_blight
201746.jpg,bacterial_leaf_blight
201747.jpg,blast
201748.jpg,blast
201749.jpg,blast
201750.jpg,tungro
201751.jpg,normal
201752.jpg,dead_heart
201753.jpg,normal
201754.jpg,bacterial_leaf_blight
201755.jpg,dead_heart
201756.jpg,tungro
201757.jpg,brown_spot
201758.jpg,dead_heart
201759.jpg,hispa
201760.jpg,hispa
201761.jpg,hispa
201762.jpg,normal
201763.jpg,dead_heart
201764.jpg,hispa
201765.jpg,brown_spot
201766.jpg,tungro
201767.jpg,hispa
201768.jpg,bacterial_leaf_blight
201769.jpg,brown_spot
201770.jpg,blast
201771.jpg,hispa
201772.jpg,normal
201773.jpg,tungro
201774.jpg,tungro
201775.jpg,brown_spot
201776.jpg,dead_heart
201777.jpg,hispa
201778.jpg,blast
201779.jpg,dead_heart
201780.jpg,dead_heart
201781.jpg,blast
201782.jpg,normal
201783.jpg,brown_spot
201784.jpg,hispa
201785.jpg,bacterial_leaf_blight
201786.jpg,bacterial_leaf_blight
201787.jpg,bacterial_leaf_streak
201788.jpg,dead_heart
201789.jpg,blast
201790.jpg,bacterial_panicle_blight
201791.jpg,brown_spot
201792.jpg,tungro
201793.jpg,normal
201794.jpg,normal
201795.jpg,normal
201796.jpg,normal
201797.jpg,tungro
201798.jpg,tungro
201799.jpg,normal
201800.jpg,downy_mildew
201801.jpg,bacterial_leaf_streak
201802.jpg,blast
201803.jpg,hispa
201804.jpg,bacterial_leaf_blight
201805.jpg,normal
201806.jpg,bacterial_leaf_streak
201807.jpg,brown_spot
201808.jpg,dead_heart
201809.jpg,hispa
201810.jpg,dead_heart
201811.jpg,normal
201812.jpg,hispa
201813.jpg,normal
201814.jpg,tungro
201815.jpg,tungro
201816.jpg,hispa
201817.jpg,blast
201818.jpg,bacterial_leaf_blight
201819.jpg,brown_spot
201820.jpg,bacterial_leaf_blight
201821.jpg,normal
201822.jpg,normal
201823.jpg,blast
201824.jpg,hispa
201825.jpg,brown_spot
201826.jpg,hispa
201827.jpg,dead_heart
201828.jpg,blast
201829.jpg,tungro
201830.jpg,normal
201831.jpg,dead_heart
201832.jpg,normal
201833.jpg,bacterial_leaf_streak
201834.jpg,blast
201835.jpg,hispa
201836.jpg,blast
201837.jpg,tungro
201838.jpg,brown_spot
201839.jpg,brown_spot
201840.jpg,dead_heart
201841.jpg,downy_mildew
201842.jpg,dead_heart
201843.jpg,hispa
201844.jpg,bacterial_leaf_streak
201845.jpg,bacterial_leaf_streak
201846.jpg,hispa
201847.jpg,normal
201848.jpg,dead_heart
201849.jpg,blast
201850.jpg,blast
201851.jpg,hispa
201852.jpg,normal
201853.jpg,hispa
201854.jpg,dead_heart
201855.jpg,dead_heart
201856.jpg,tungro
201857.jpg,bacterial_leaf_blight
201858.jpg,dead_heart
201859.jpg,brown_spot
201860.jpg,hispa
201861.jpg,tungro
201862.jpg,tungro
201863.jpg,bacterial_panicle_blight
201864.jpg,dead_heart
201865.jpg,hispa
201866.jpg,bacterial_panicle_blight
201867.jpg,brown_spot
201868.jpg,dead_heart
201869.jpg,hispa
201870.jpg,dead_heart
201871.jpg,normal
201872.jpg,dead_heart
201873.jpg,normal
201874.jpg,brown_spot
201875.jpg,normal
201876.jpg,blast
201877.jpg,dead_heart
201878.jpg,normal
201879.jpg,blast
201880.jpg,blast
201881.jpg,dead_heart
201882.jpg,brown_spot
201883.jpg,normal
201884.jpg,downy_mildew
201885.jpg,blast
201886.jpg,blast
201887.jpg,normal
201888.jpg,blast
201889.jpg,tungro
201890.jpg,blast
201891.jpg,blast
201892.jpg,tungro
201893.jpg,tungro
201894.jpg,bacterial_panicle_blight
201895.jpg,hispa
201896.jpg,normal
201897.jpg,brown_spot
201898.jpg,tungro
201899.jpg,blast
201900.jpg,normal
201901.jpg,bacterial_panicle_blight
201902.jpg,tungro
201903.jpg,blast
201904.jpg,brown_spot
201905.jpg,normal
201906.jpg,blast
201907.jpg,hispa
201908.jpg,hispa
201909.jpg,bacterial_panicle_blight
201910.jpg,normal
201911.jpg,bacterial_leaf_streak
201912.jpg,hispa
201913.jpg,blast
201914.jpg,normal
201915.jpg,dead_heart
201916.jpg,blast
201917.jpg,normal
201918.jpg,tungro
201919.jpg,dead_heart
201920.jpg,dead_heart
201921.jpg,downy_mildew
201922.jpg,hispa
201923.jpg,hispa
201924.jpg,normal
201925.jpg,hispa
201926.jpg,normal
201927.jpg,normal
201928.jpg,hispa
201929.jpg,brown_spot
201930.jpg,tungro
201931.jpg,tungro
201932.jpg,blast
201933.jpg,brown_spot
201934.jpg,hispa
201935.jpg,blast
201936.jpg,blast
201937.jpg,dead_heart
201938.jpg,bacterial_panicle_blight
201939.jpg,dead_heart
201940.jpg,bacterial_leaf_streak
201941.jpg,dead_heart
201942.jpg,bacterial_panicle_blight
201943.jpg,dead_heart
201944.jpg,hispa
201945.jpg,normal
201946.jpg,brown_spot
201947.jpg,blast
201948.jpg,normal
201949.jpg,brown_spot
201950.jpg,tungro
201951.jpg,blast
201952.jpg,hispa
201953.jpg,normal
201954.jpg,brown_spot
201955.jpg,tungro
201956.jpg,normal
201957.jpg,blast
201958.jpg,blast
201959.jpg,bacterial_leaf_blight
201960.jpg,tungro
201961.jpg,blast
201962.jpg,dead_heart
201963.jpg,hispa
201964.jpg,brown_spot
201965.jpg,blast
201966.jpg,normal
201967.jpg,blast
201968.jpg,dead_heart
201969.jpg,dead_heart
201970.jpg,hispa
201971.jpg,normal
201972.jpg,normal
201973.jpg,blast
201974.jpg,blast
201975.jpg,dead_heart
201976.jpg,tungro
201977.jpg,downy_mildew
201978.jpg,bacterial_panicle_blight
201979.jpg,dead_heart
201980.jpg,blast
201981.jpg,tungro
201982.jpg,bacterial_panicle_blight
201983.jpg,bacterial_leaf_blight
201984.jpg,bacterial_leaf_streak
201985.jpg,hispa
201986.jpg,dead_heart
201987.jpg,blast
201988.jpg,hispa
201989.jpg,blast
201990.jpg,brown_spot
201991.jpg,tungro
201992.jpg,blast
201993.jpg,hispa
201994.jpg,bacterial_leaf_streak
201995.jpg,blast
201996.jpg,bacterial_panicle_blight
201997.jpg,hispa
201998.jpg,normal
201999.jpg,blast
202000.jpg,hispa
202001.jpg,normal
202002.jpg,hispa
202003.jpg,tungro
202004.jpg,tungro
202005.jpg,tungro
202006.jpg,normal
202007.jpg,normal
202008.jpg,blast
202009.jpg,tungro
202010.jpg,hispa
202011.jpg,hispa
202012.jpg,dead_heart
202013.jpg,normal
202014.jpg,brown_spot
202015.jpg,blast
202016.jpg,hispa
202017.jpg,dead_heart
202018.jpg,bacterial_leaf_streak
202019.jpg,bacterial_panicle_blight
202020.jpg,normal
202021.jpg,dead_heart
202022.jpg,hispa
202023.jpg,normal
202024.jpg,blast
202025.jpg,blast
202026.jpg,tungro
202027.jpg,downy_mildew
202028.jpg,downy_mildew
202029.jpg,hispa
202030.jpg,blast
202031.jpg,tungro
202032.jpg,blast
202033.jpg,blast
202034.jpg,normal
202035.jpg,brown_spot
202036.jpg,normal
202037.jpg,normal
202038.jpg,normal
202039.jpg,tungro
202040.jpg,downy_mildew
202041.jpg,dead_heart
202042.jpg,normal
202043.jpg,downy_mildew
202044.jpg,blast
202045.jpg,bacterial_panicle_blight
202046.jpg,brown_spot
202047.jpg,hispa
202048.jpg,normal
202049.jpg,hispa
202050.jpg,dead_heart
202051.jpg,blast
202052.jpg,normal
202053.jpg,dead_heart
202054.jpg,dead_heart
202055.jpg,blast
202056.jpg,hispa
202057.jpg,blast
202058.jpg,dead_heart
202059.jpg,normal
202060.jpg,tungro
202061.jpg,tungro
202062.jpg,hispa
202063.jpg,normal
202064.jpg,blast
202065.jpg,blast
202066.jpg,blast
202067.jpg,bacterial_leaf_blight
202068.jpg,brown_spot
202069.jpg,hispa
202070.jpg,normal
202071.jpg,hispa
202072.jpg,normal
202073.jpg,hispa
202074.jpg,tungro
202075.jpg,blast
202076.jpg,hispa
202077.jpg,brown_spot
202078.jpg,blast
202079.jpg,brown_spot
202080.jpg,blast
202081.jpg,hispa
202082.jpg,
202083.jpg,
202084.jpg,
202085.jpg,
202086.jpg,
202087.jpg,
202088.jpg,
202089.jpg,
202090.jpg,
202091.jpg,
202092.jpg,
202093.jpg,
202094.jpg,
202095.jpg,
202096.jpg,
202097.jpg,
202098.jpg,
202099.jpg,
202100.jpg,
202101.jpg,
202102.jpg,
202103.jpg,
202104.jpg,
202105.jpg,
202106.jpg,
202107.jpg,
202108.jpg,
202109.jpg,
202110.jpg,
202111.jpg,
202112.jpg,
202113.jpg,
202114.jpg,
202115.jpg,
202116.jpg,
202117.jpg,
202118.jpg,
202119.jpg,
202120.jpg,
202121.jpg,
202122.jpg,
202123.jpg,
202124.jpg,
202125.jpg,
202126.jpg,
202127.jpg,
202128.jpg,
202129.jpg,
202130.jpg,
202131.jpg,
202132.jpg,
202133.jpg,
202134.jpg,
202135.jpg,
202136.jpg,
202137.jpg,
202138.jpg,
202139.jpg,
202140.jpg,
202141.jpg,
202142.jpg,
202143.jpg,
202144.jpg,
202145.jpg,
202146.jpg,
202147.jpg,
202148.jpg,
202149.jpg,
202150.jpg,
202151.jpg,
202152.jpg,
202153.jpg,
202154.jpg,
202155.jpg,
202156.jpg,
202157.jpg,
202158.jpg,
202159.jpg,
202160.jpg,
202161.jpg,
202162.jpg,
202163.jpg,
202164.jpg,
202165.jpg,
202166.jpg,
202167.jpg,
202168.jpg,
202169.jpg,
202170.jpg,
202171.jpg,
202172.jpg,
202173.jpg,
202174.jpg,
202175.jpg,
202176.jpg,
202177.jpg,
202178.jpg,
202179.jpg,
202180.jpg,
202181.jpg,
202182.jpg,
202183.jpg,
202184.jpg,
202185.jpg,
202186.jpg,
202187.jpg,
202188.jpg,
202189.jpg,
202190.jpg,
202191.jpg,
202192.jpg,
202193.jpg,
202194.jpg,
202195.jpg,
202196.jpg,
202197.jpg,
202198.jpg,
202199.jpg,
202200.jpg,
202201.jpg,
202202.jpg,
202203.jpg,
202204.jpg,
202205.jpg,
202206.jpg,
202207.jpg,
202208.jpg,
202209.jpg,
202210.jpg,
202211.jpg,
202212.jpg,
202213.jpg,
202214.jpg,
202215.jpg,
202216.jpg,
202217.jpg,
202218.jpg,
202219.jpg,
202220.jpg,
202221.jpg,
202222.jpg,
202223.jpg,
202224.jpg,
202225.jpg,
202226.jpg,
202227.jpg,
202228.jpg,
202229.jpg,
202230.jpg,
202231.jpg,
202232.jpg,
202233.jpg,
202234.jpg,
202235.jpg,
202236.jpg,
202237.jpg,
202238.jpg,
202239.jpg,
202240.jpg,
202241.jpg,
202242.jpg,
202243.jpg,
202244.jpg,
202245.jpg,
202246.jpg,
202247.jpg,
202248.jpg,
202249.jpg,
202250.jpg,
202251.jpg,
202252.jpg,
202253.jpg,
202254.jpg,
202255.jpg,
202256.jpg,
202257.jpg,
202258.jpg,
202259.jpg,
202260.jpg,
202261.jpg,
202262.jpg,
202263.jpg,
202264.jpg,
202265.jpg,
202266.jpg,
202267.jpg,
202268.jpg,
202269.jpg,
202270.jpg,
202271.jpg,
202272.jpg,
202273.jpg,
202274.jpg,
202275.jpg,
202276.jpg,
202277.jpg,
202278.jpg,
202279.jpg,
202280.jpg,
202281.jpg,
202282.jpg,
202283.jpg,
202284.jpg,
202285.jpg,
202286.jpg,
202287.jpg,
202288.jpg,
202289.jpg,
202290.jpg,
202291.jpg,
202292.jpg,
202293.jpg,
202294.jpg,
202295.jpg,
202296.jpg,
202297.jpg,
202298.jpg,
202299.jpg,
202300.jpg,
202301.jpg,
202302.jpg,
202303.jpg,
202304.jpg,
202305.jpg,
202306.jpg,
202307.jpg,
202308.jpg,
202309.jpg,
202310.jpg,
202311.jpg,
202312.jpg,
202313.jpg,
202314.jpg,
202315.jpg,
202316.jpg,
202317.jpg,
202318.jpg,
202319.jpg,
202320.jpg,
202321.jpg,
202322.jpg,
202323.jpg,
202324.jpg,
202325.jpg,
202326.jpg,
202327.jpg,
202328.jpg,
202329.jpg,
202330.jpg,
202331.jpg,
202332.jpg,
202333.jpg,
202334.jpg,
202335.jpg,
202336.jpg,
202337.jpg,
202338.jpg,
202339.jpg,
202340.jpg,
202341.jpg,
202342.jpg,
202343.jpg,
202344.jpg,
202345.jpg,
202346.jpg,
202347.jpg,
202348.jpg,
202349.jpg,
202350.jpg,
202351.jpg,
202352.jpg,
202353.jpg,
202354.jpg,
202355.jpg,
202356.jpg,
202357.jpg,
202358.jpg,
202359.jpg,
202360.jpg,
202361.jpg,
202362.jpg,
202363.jpg,
202364.jpg,
202365.jpg,
202366.jpg,
202367.jpg,
202368.jpg,
202369.jpg,
202370.jpg,
202371.jpg,
202372.jpg,
202373.jpg,
202374.jpg,
202375.jpg,
202376.jpg,
202377.jpg,
202378.jpg,
202379.jpg,
202380.jpg,
202381.jpg,
202382.jpg,
202383.jpg,
202384.jpg,
202385.jpg,
202386.jpg,
202387.jpg,
202388.jpg,
202389.jpg,
202390.jpg,
202391.jpg,
202392.jpg,
202393.jpg,
202394.jpg,
202395.jpg,
202396.jpg,
202397.jpg,
202398.jpg,
202399.jpg,
202400.jpg,
202401.jpg,
202402.jpg,
202403.jpg,
202404.jpg,
202405.jpg,
202406.jpg,
202407.jpg,
202408.jpg,
202409.jpg,
202410.jpg,
202411.jpg,
202412.jpg,
202413.jpg,
202414.jpg,
202415.jpg,
202416.jpg,
202417.jpg,
202418.jpg,
202419.jpg,
202420.jpg,
202421.jpg,
202422.jpg,
202423.jpg,
202424.jpg,
202425.jpg,
202426.jpg,
202427.jpg,
202428.jpg,
202429.jpg,
202430.jpg,
202431.jpg,
202432.jpg,
202433.jpg,
202434.jpg,
202435.jpg,
202436.jpg,
202437.jpg,
202438.jpg,
202439.jpg,
202440.jpg,
202441.jpg,
202442.jpg,
202443.jpg,
202444.jpg,
202445.jpg,
202446.jpg,
202447.jpg,
202448.jpg,
202449.jpg,
202450.jpg,
202451.jpg,
202452.jpg,
202453.jpg,
202454.jpg,
202455.jpg,
202456.jpg,
202457.jpg,
202458.jpg,
202459.jpg,
202460.jpg,
202461.jpg,
202462.jpg,
202463.jpg,
202464.jpg,
202465.jpg,
202466.jpg,
202467.jpg,
202468.jpg,
202469.jpg,
202470.jpg,
202471.jpg,
202472.jpg,
202473.jpg,
202474.jpg,
202475.jpg,
202476.jpg,
202477.jpg,
202478.jpg,
202479.jpg,
202480.jpg,
202481.jpg,
202482.jpg,
202483.jpg,
202484.jpg,
202485.jpg,
202486.jpg,
202487.jpg,
202488.jpg,
202489.jpg,
202490.jpg,
202491.jpg,
202492.jpg,
202493.jpg,
202494.jpg,
202495.jpg,
202496.jpg,
202497.jpg,
202498.jpg,
202499.jpg,
202500.jpg,
202501.jpg,
202502.jpg,
202503.jpg,
202504.jpg,
202505.jpg,
202506.jpg,
202507.jpg,
202508.jpg,
202509.jpg,
202510.jpg,
202511.jpg,
202512.jpg,
202513.jpg,
202514.jpg,
202515.jpg,
202516.jpg,
202517.jpg,
202518.jpg,
202519.jpg,
202520.jpg,
202521.jpg,
202522.jpg,
202523.jpg,
202524.jpg,
202525.jpg,
202526.jpg,
202527.jpg,
202528.jpg,
202529.jpg,
202530.jpg,
202531.jpg,
202532.jpg,
202533.jpg,
202534.jpg,
202535.jpg,
202536.jpg,
202537.jpg,
202538.jpg,
202539.jpg,
202540.jpg,
202541.jpg,
202542.jpg,
202543.jpg,
202544.jpg,
202545.jpg,
202546.jpg,
202547.jpg,
202548.jpg,
202549.jpg,
202550.jpg,
202551.jpg,
202552.jpg,
202553.jpg,
202554.jpg,
202555.jpg,
202556.jpg,
202557.jpg,
202558.jpg,
202559.jpg,
202560.jpg,
202561.jpg,
202562.jpg,
202563.jpg,
202564.jpg,
202565.jpg,
202566.jpg,
202567.jpg,
202568.jpg,
202569.jpg,
202570.jpg,
202571.jpg,
202572.jpg,
202573.jpg,
202574.jpg,
202575.jpg,
202576.jpg,
202577.jpg,
202578.jpg,
202579.jpg,
202580.jpg,
202581.jpg,
202582.jpg,
202583.jpg,
202584.jpg,
202585.jpg,
202586.jpg,
202587.jpg,
202588.jpg,
202589.jpg,
202590.jpg,
202591.jpg,
202592.jpg,
202593.jpg,
202594.jpg,
202595.jpg,
202596.jpg,
202597.jpg,
202598.jpg,
202599.jpg,
202600.jpg,
202601.jpg,
202602.jpg,
202603.jpg,
202604.jpg,
202605.jpg,
202606.jpg,
202607.jpg,
202608.jpg,
202609.jpg,
202610.jpg,
202611.jpg,
202612.jpg,
202613.jpg,
202614.jpg,
202615.jpg,
202616.jpg,
202617.jpg,
202618.jpg,
202619.jpg,
202620.jpg,
202621.jpg,
202622.jpg,
202623.jpg,
202624.jpg,
202625.jpg,
202626.jpg,
202627.jpg,
202628.jpg,
202629.jpg,
202630.jpg,
202631.jpg,
202632.jpg,
202633.jpg,
202634.jpg,
202635.jpg,
202636.jpg,
202637.jpg,
202638.jpg,
202639.jpg,
202640.jpg,
202641.jpg,
202642.jpg,
202643.jpg,
202644.jpg,
202645.jpg,
202646.jpg,
202647.jpg,
202648.jpg,
202649.jpg,
202650.jpg,
202651.jpg,
202652.jpg,
202653.jpg,
202654.jpg,
202655.jpg,
202656.jpg,
202657.jpg,
202658.jpg,
202659.jpg,
202660.jpg,
202661.jpg,
202662.jpg,
202663.jpg,
202664.jpg,
202665.jpg,
202666.jpg,
202667.jpg,
202668.jpg,
202669.jpg,
202670.jpg,
202671.jpg,
202672.jpg,
202673.jpg,
202674.jpg,
202675.jpg,
202676.jpg,
202677.jpg,
202678.jpg,
202679.jpg,
202680.jpg,
202681.jpg,
202682.jpg,
202683.jpg,
202684.jpg,
202685.jpg,
202686.jpg,
202687.jpg,
202688.jpg,
202689.jpg,
202690.jpg,
202691.jpg,
202692.jpg,
202693.jpg,
202694.jpg,
202695.jpg,
202696.jpg,
202697.jpg,
202698.jpg,
202699.jpg,
202700.jpg,
202701.jpg,
202702.jpg,
202703.jpg,
202704.jpg,
202705.jpg,
202706.jpg,
202707.jpg,
202708.jpg,
202709.jpg,
202710.jpg,
202711.jpg,
202712.jpg,
202713.jpg,
202714.jpg,
202715.jpg,
202716.jpg,
202717.jpg,
202718.jpg,
202719.jpg,
202720.jpg,
202721.jpg,
202722.jpg,
202723.jpg,
202724.jpg,
202725.jpg,
202726.jpg,
202727.jpg,
202728.jpg,
202729.jpg,
202730.jpg,
202731.jpg,
202732.jpg,
202733.jpg,
202734.jpg,
202735.jpg,
202736.jpg,
202737.jpg,
202738.jpg,
202739.jpg,
202740.jpg,
202741.jpg,
202742.jpg,
202743.jpg,
202744.jpg,
202745.jpg,
202746.jpg,
202747.jpg,
202748.jpg,
202749.jpg,
202750.jpg,
202751.jpg,
202752.jpg,
202753.jpg,
202754.jpg,
202755.jpg,
202756.jpg,
202757.jpg,
202758.jpg,
202759.jpg,
202760.jpg,
202761.jpg,
202762.jpg,
202763.jpg,
202764.jpg,
202765.jpg,
202766.jpg,
202767.jpg,
202768.jpg,
202769.jpg,
202770.jpg,
202771.jpg,
202772.jpg,
202773.jpg,
202774.jpg,
202775.jpg,
202776.jpg,
202777.jpg,
202778.jpg,
202779.jpg,
202780.jpg,
202781.jpg,
202782.jpg,
202783.jpg,
202784.jpg,
202785.jpg,
202786.jpg,
202787.jpg,
202788.jpg,
202789.jpg,
202790.jpg,
202791.jpg,
202792.jpg,
202793.jpg,
202794.jpg,
202795.jpg,
202796.jpg,
202797.jpg,
202798.jpg,
202799.jpg,
202800.jpg,
202801.jpg,
202802.jpg,
202803.jpg,
202804.jpg,
202805.jpg,
202806.jpg,
202807.jpg,
202808.jpg,
202809.jpg,
202810.jpg,
202811.jpg,
202812.jpg,
202813.jpg,
202814.jpg,
202815.jpg,
202816.jpg,
202817.jpg,
202818.jpg,
202819.jpg,
202820.jpg,
202821.jpg,
202822.jpg,
202823.jpg,
202824.jpg,
202825.jpg,
202826.jpg,
202827.jpg,
202828.jpg,
202829.jpg,
202830.jpg,
202831.jpg,
202832.jpg,
202833.jpg,
202834.jpg,
202835.jpg,
202836.jpg,
202837.jpg,
202838.jpg,
202839.jpg,
202840.jpg,
202841.jpg,
202842.jpg,
202843.jpg,
202844.jpg,
202845.jpg,
202846.jpg,
202847.jpg,
202848.jpg,
202849.jpg,
202850.jpg,
202851.jpg,
202852.jpg,
202853.jpg,
202854.jpg,
202855.jpg,
202856.jpg,
202857.jpg,
202858.jpg,
202859.jpg,
202860.jpg,
202861.jpg,
202862.jpg,
202863.jpg,
202864.jpg,
202865.jpg,
202866.jpg,
202867.jpg,
202868.jpg,
202869.jpg,
202870.jpg,
202871.jpg,
202872.jpg,
202873.jpg,
202874.jpg,
202875.jpg,
202876.jpg,
202877.jpg,
202878.jpg,
202879.jpg,
202880.jpg,
202881.jpg,
202882.jpg,
202883.jpg,
202884.jpg,
202885.jpg,
202886.jpg,
202887.jpg,
202888.jpg,
202889.jpg,
202890.jpg,
202891.jpg,
202892.jpg,
202893.jpg,
202894.jpg,
202895.jpg,
202896.jpg,
202897.jpg,
202898.jpg,
202899.jpg,
202900.jpg,
202901.jpg,
202902.jpg,
202903.jpg,
202904.jpg,
202905.jpg,
202906.jpg,
202907.jpg,
202908.jpg,
202909.jpg,
202910.jpg,
202911.jpg,
202912.jpg,
202913.jpg,
202914.jpg,
202915.jpg,
202916.jpg,
202917.jpg,
202918.jpg,
202919.jpg,
202920.jpg,
202921.jpg,
202922.jpg,
202923.jpg,
202924.jpg,
202925.jpg,
202926.jpg,
202927.jpg,
202928.jpg,
202929.jpg,
202930.jpg,
202931.jpg,
202932.jpg,
202933.jpg,
202934.jpg,
202935.jpg,
202936.jpg,
202937.jpg,
202938.jpg,
202939.jpg,
202940.jpg,
202941.jpg,
202942.jpg,
202943.jpg,
202944.jpg,
202945.jpg,
202946.jpg,
202947.jpg,
202948.jpg,
202949.jpg,
202950.jpg,
202951.jpg,
202952.jpg,
202953.jpg,
202954.jpg,
202955.jpg,
202956.jpg,
202957.jpg,
202958.jpg,
202959.jpg,
202960.jpg,
202961.jpg,
202962.jpg,
202963.jpg,
202964.jpg,
202965.jpg,
202966.jpg,
202967.jpg,
202968.jpg,
202969.jpg,
202970.jpg,
202971.jpg,
202972.jpg,
202973.jpg,
202974.jpg,
202975.jpg,
202976.jpg,
202977.jpg,
202978.jpg,
202979.jpg,
202980.jpg,
202981.jpg,
202982.jpg,
202983.jpg,
202984.jpg,
202985.jpg,
202986.jpg,
202987.jpg,
202988.jpg,
202989.jpg,
202990.jpg,
202991.jpg,
202992.jpg,
202993.jpg,
202994.jpg,
202995.jpg,
202996.jpg,
202997.jpg,
202998.jpg,
202999.jpg,
203000.jpg,
203001.jpg,
203002.jpg,
203003.jpg,
203004.jpg,
203005.jpg,
203006.jpg,
203007.jpg,
203008.jpg,
203009.jpg,
203010.jpg,
203011.jpg,
203012.jpg,
203013.jpg,
203014.jpg,
203015.jpg,
203016.jpg,
203017.jpg,
203018.jpg,
203019.jpg,
203020.jpg,
203021.jpg,
203022.jpg,
203023.jpg,
203024.jpg,
203025.jpg,
203026.jpg,
203027.jpg,
203028.jpg,
203029.jpg,
203030.jpg,
203031.jpg,
203032.jpg,
203033.jpg,
203034.jpg,
203035.jpg,
203036.jpg,
203037.jpg,
203038.jpg,
203039.jpg,
203040.jpg,
203041.jpg,
203042.jpg,
203043.jpg,
203044.jpg,
203045.jpg,
203046.jpg,
203047.jpg,
203048.jpg,
203049.jpg,
203050.jpg,
203051.jpg,
203052.jpg,
203053.jpg,
203054.jpg,
203055.jpg,
203056.jpg,
203057.jpg,
203058.jpg,
203059.jpg,
203060.jpg,
203061.jpg,
203062.jpg,
203063.jpg,
203064.jpg,
203065.jpg,
203066.jpg,
203067.jpg,
203068.jpg,
203069.jpg,
203070.jpg,
203071.jpg,
203072.jpg,
203073.jpg,
203074.jpg,
203075.jpg,
203076.jpg,
203077.jpg,
203078.jpg,
203079.jpg,
203080.jpg,
203081.jpg,
203082.jpg,
203083.jpg,
203084.jpg,
203085.jpg,
203086.jpg,
203087.jpg,
203088.jpg,
203089.jpg,
203090.jpg,
203091.jpg,
203092.jpg,
203093.jpg,
203094.jpg,
203095.jpg,
203096.jpg,
203097.jpg,
203098.jpg,
203099.jpg,
203100.jpg,
203101.jpg,
203102.jpg,
203103.jpg,
203104.jpg,
203105.jpg,
203106.jpg,
203107.jpg,
203108.jpg,
203109.jpg,
203110.jpg,
203111.jpg,
203112.jpg,
203113.jpg,
203114.jpg,
203115.jpg,
203116.jpg,
203117.jpg,
203118.jpg,
203119.jpg,
203120.jpg,
203121.jpg,
203122.jpg,
203123.jpg,
203124.jpg,
203125.jpg,
203126.jpg,
203127.jpg,
203128.jpg,
203129.jpg,
203130.jpg,
203131.jpg,
203132.jpg,
203133.jpg,
203134.jpg,
203135.jpg,
203136.jpg,
203137.jpg,
203138.jpg,
203139.jpg,
203140.jpg,
203141.jpg,
203142.jpg,
203143.jpg,
203144.jpg,
203145.jpg,
203146.jpg,
203147.jpg,
203148.jpg,
203149.jpg,
203150.jpg,
203151.jpg,
203152.jpg,
203153.jpg,
203154.jpg,
203155.jpg,
203156.jpg,
203157.jpg,
203158.jpg,
203159.jpg,
203160.jpg,
203161.jpg,
203162.jpg,
203163.jpg,
203164.jpg,
203165.jpg,
203166.jpg,
203167.jpg,
203168.jpg,
203169.jpg,
203170.jpg,
203171.jpg,
203172.jpg,
203173.jpg,
203174.jpg,
203175.jpg,
203176.jpg,
203177.jpg,
203178.jpg,
203179.jpg,
203180.jpg,
203181.jpg,
203182.jpg,
203183.jpg,
203184.jpg,
203185.jpg,
203186.jpg,
203187.jpg,
203188.jpg,
203189.jpg,
203190.jpg,
203191.jpg,
203192.jpg,
203193.jpg,
203194.jpg,
203195.jpg,
203196.jpg,
203197.jpg,
203198.jpg,
203199.jpg,
203200.jpg,
203201.jpg,
203202.jpg,
203203.jpg,
203204.jpg,
203205.jpg,
203206.jpg,
203207.jpg,
203208.jpg,
203209.jpg,
203210.jpg,
203211.jpg,
203212.jpg,
203213.jpg,
203214.jpg,
203215.jpg,
203216.jpg,
203217.jpg,
203218.jpg,
203219.jpg,
203220.jpg,
203221.jpg,
203222.jpg,
203223.jpg,
203224.jpg,
203225.jpg,
203226.jpg,
203227.jpg,
203228.jpg,
203229.jpg,
203230.jpg,
203231.jpg,
203232.jpg,
203233.jpg,
203234.jpg,
203235.jpg,
203236.jpg,
203237.jpg,
203238.jpg,
203239.jpg,
203240.jpg,
203241.jpg,
203242.jpg,
203243.jpg,
203244.jpg,
203245.jpg,
203246.jpg,
203247.jpg,
203248.jpg,
203249.jpg,
203250.jpg,
203251.jpg,
203252.jpg,
203253.jpg,
203254.jpg,
203255.jpg,
203256.jpg,
203257.jpg,
203258.jpg,
203259.jpg,
203260.jpg,
203261.jpg,
203262.jpg,
203263.jpg,
203264.jpg,
203265.jpg,
203266.jpg,
203267.jpg,
203268.jpg,
203269.jpg,
203270.jpg,
203271.jpg,
203272.jpg,
203273.jpg,
203274.jpg,
203275.jpg,
203276.jpg,
203277.jpg,
203278.jpg,
203279.jpg,
203280.jpg,
203281.jpg,
203282.jpg,
203283.jpg,
203284.jpg,
203285.jpg,
203286.jpg,
203287.jpg,
203288.jpg,
203289.jpg,
203290.jpg,
203291.jpg,
203292.jpg,
203293.jpg,
203294.jpg,
203295.jpg,
203296.jpg,
203297.jpg,
203298.jpg,
203299.jpg,
203300.jpg,
203301.jpg,
203302.jpg,
203303.jpg,
203304.jpg,
203305.jpg,
203306.jpg,
203307.jpg,
203308.jpg,
203309.jpg,
203310.jpg,
203311.jpg,
203312.jpg,
203313.jpg,
203314.jpg,
203315.jpg,
203316.jpg,
203317.jpg,
203318.jpg,
203319.jpg,
203320.jpg,
203321.jpg,
203322.jpg,
203323.jpg,
203324.jpg,
203325.jpg,
203326.jpg,
203327.jpg,
203328.jpg,
203329.jpg,
203330.jpg,
203331.jpg,
203332.jpg,
203333.jpg,
203334.jpg,
203335.jpg,
203336.jpg,
203337.jpg,
203338.jpg,
203339.jpg,
203340.jpg,
203341.jpg,
203342.jpg,
203343.jpg,
203344.jpg,
203345.jpg,
203346.jpg,
203347.jpg,
203348.jpg,
203349.jpg,
203350.jpg,
203351.jpg,
203352.jpg,
203353.jpg,
203354.jpg,
203355.jpg,
203356.jpg,
203357.jpg,
203358.jpg,
203359.jpg,
203360.jpg,
203361.jpg,
203362.jpg,
203363.jpg,
203364.jpg,
203365.jpg,
203366.jpg,
203367.jpg,
203368.jpg,
203369.jpg,
203370.jpg,
203371.jpg,
203372.jpg,
203373.jpg,
203374.jpg,
203375.jpg,
203376.jpg,
203377.jpg,
203378.jpg,
203379.jpg,
203380.jpg,
203381.jpg,
203382.jpg,
203383.jpg,
203384.jpg,
203385.jpg,
203386.jpg,
203387.jpg,
203388.jpg,
203389.jpg,
203390.jpg,
203391.jpg,
203392.jpg,
203393.jpg,
203394.jpg,
203395.jpg,
203396.jpg,
203397.jpg,
203398.jpg,
203399.jpg,
203400.jpg,
203401.jpg,
203402.jpg,
203403.jpg,
203404.jpg,
203405.jpg,
203406.jpg,
203407.jpg,
203408.jpg,
203409.jpg,
203410.jpg,
203411.jpg,
203412.jpg,
203413.jpg,
203414.jpg,
203415.jpg,
203416.jpg,
203417.jpg,
203418.jpg,
203419.jpg,
203420.jpg,
203421.jpg,
203422.jpg,
203423.jpg,
203424.jpg,
203425.jpg,
203426.jpg,
203427.jpg,
203428.jpg,
203429.jpg,
203430.jpg,
203431.jpg,
203432.jpg,
203433.jpg,
203434.jpg,
203435.jpg,
203436.jpg,
203437.jpg,
203438.jpg,
203439.jpg,
203440.jpg,
203441.jpg,
203442.jpg,
203443.jpg,
203444.jpg,
203445.jpg,
203446.jpg,
203447.jpg,
203448.jpg,
203449.jpg,
203450.jpg,
203451.jpg,
203452.jpg,
203453.jpg,
203454.jpg,
203455.jpg,
203456.jpg,
203457.jpg,
203458.jpg,
203459.jpg,
203460.jpg,
203461.jpg,
203462.jpg,
203463.jpg,
203464.jpg,
203465.jpg,
203466.jpg,
203467.jpg,
203468.jpg,
203469.jpg,
